{
  "molecule_name": "LiH",
  "bond_length_angstrom": 0.7,
  "basis": "sto3g",
  "num_spatial_orbitals": 6,
  "num_spin_orbitals": 12,
  "num_particles_alpha": 2,
  "num_particles_beta": 2,
  "num_qubits": 12,
  "num_pauli_terms": 631,
  "energy": -8.741691226275165,
  "counts": [
    1,
    2,
    3,
    4,
    5,
    6,
    7,
    8,
    9,
    10,
    11,
    12,
    13,
    14,
    15,
    16,
    17,
    18,
    19,
    20,
    21,
    22,
    23,
    24,
    25,
    26,
    27,
    28,
    29,
    30,
    31,
    32,
    33,
    34,
    35,
    36,
    37,
    38,
    39,
    40,
    41,
    42,
    43,
    44,
    45,
    46,
    47,
    48,
    49,
    50,
    51,
    52,
    53,
    54,
    55,
    56,
    57,
    58,
    59,
    60,
    61,
    62,
    63,
    64,
    65,
    66,
    67,
    68,
    69,
    70,
    71,
    72,
    73,
    74,
    75,
    76,
    77,
    78,
    79,
    80,
    81,
    82,
    83,
    84,
    85,
    86,
    87,
    88,
    89,
    90,
    91,
    92,
    93,
    94,
    95,
    96,
    97,
    98,
    99,
    100,
    101,
    102,
    103,
    104,
    105,
    106,
    107,
    108,
    109,
    110,
    111,
    112,
    113,
    114,
    115,
    116,
    117,
    118,
    119,
    120,
    121,
    122,
    123,
    124,
    125,
    126,
    127,
    128,
    129,
    130,
    131,
    132,
    133,
    134,
    135,
    136,
    137,
    138,
    139,
    140,
    141,
    142,
    143,
    144,
    145,
    146,
    147,
    148,
    149,
    150,
    151,
    152,
    153,
    154,
    155,
    156,
    157,
    158,
    159,
    160,
    161,
    162,
    163,
    164,
    165,
    166,
    167,
    168,
    169,
    170,
    171,
    172,
    173,
    174,
    175,
    176,
    177,
    178,
    179,
    180,
    181,
    182,
    183,
    184,
    185,
    186,
    187,
    188,
    189,
    190,
    191,
    192,
    193,
    194,
    195,
    196,
    197,
    198,
    199,
    200
  ],
  "energies": [
    5.3013149425851225e-15,
    -2.0152778960058817,
    -2.13018012656917,
    -2.8780802518066393,
    -2.977452220616224,
    -3.4391983013185645,
    -3.6048878641247524,
    -3.939565746601877,
    -4.151405094504482,
    -4.301588711774673,
    -4.405140775511127,
    -4.4673583792275755,
    -4.526457665117589,
    -4.541234455152843,
    -4.530064005820853,
    -4.560921125450494,
    -4.555535779339001,
    -4.563412355925901,
    -4.5538345546867,
    -4.585191279139032,
    -4.584812001725673,
    -4.595820083694825,
    -4.5977599001130125,
    -4.600212940798104,
    -4.600174545595651,
    -5.131427601791341,
    -5.256487470924051,
    -5.259321498816974,
    -5.504844117569243,
    -5.440991935170697,
    -5.619744127914117,
    -5.690828654863051,
    -5.864630346812572,
    -5.798403069183389,
    -5.914361007317028,
    -5.954691564083537,
    -6.027623484163876,
    -6.04316127570484,
    -6.042081064101409,
    -6.039039005932888,
    -6.038694005367578,
    -6.0439385274110915,
    -6.039853030242852,
    -6.0437860696535175,
    -6.040325704500564,
    -6.046827444778165,
    -6.045502331127942,
    -6.047059623092376,
    -6.036407728163272,
    -6.684541438042769,
    -6.539956633124001,
    -6.69839075884573,
    -6.5165259295920315,
    -6.686807596775832,
    -6.592617893738085,
    -6.678620552999461,
    -6.85401495941757,
    -6.832129362211198,
    -6.854469965678737,
    -6.800908663483075,
    -6.886953708622155,
    -6.976210390790633,
    -7.019741639019998,
    -6.848654079985285,
    -7.006416835293628,
    -7.034285649766586,
    -7.201757781069209,
    -6.931682227714941,
    -7.194626968283596,
    -7.2045759719435,
    -7.318554502279265,
    -7.122917886973607,
    -7.3178948328767035,
    -7.222581207098689,
    -7.293243642312117,
    -7.348725666383052,
    -7.247089323350426,
    -7.251812052953985,
    -7.148560922434971,
    -7.313648625383166,
    -7.079390086345862,
    -7.350764051575087,
    -7.4611896748665485,
    -7.3119897467677655,
    -7.360737385028593,
    -7.333553249200437,
    -7.443726140048397,
    -7.675672078131678,
    -7.571592195632359,
    -7.392131392159626,
    -7.470626818416865,
    -7.5842995346008415,
    -7.630301255768038,
    -7.665307750171305,
    -7.811145198802151,
    -7.685798544766794,
    -7.782265445129708,
    -7.733379505752073,
    -7.799649916022735,
    -7.612259322374716,
    -7.814005803817682,
    -7.819964550673782,
    -7.527613765501848,
    -7.821209421367305,
    -8.044651022266912,
    -7.731970851697812,
    -8.046684429208195,
    -8.067446084135076,
    -7.998842948210053,
    -8.066457405784941,
    -7.906882815222498,
    -8.067613401416008,
    -7.6713813750994415,
    -8.067684693988973,
    -8.080985592112057,
    -7.435556718486901,
    -8.080160802770827,
    -7.818386989560408,
    -8.081062997857114,
    -7.789435342823777,
    -8.25067179241699,
    -8.23114203739039,
    -8.230877642790341,
    -8.08481231799714,
    -8.145926812668593,
    -7.8881959649834865,
    -7.983754796246524,
    -8.374312853191585,
    -8.268157099460549,
    -8.198009493408508,
    -8.25253479190671,
    -8.304705835195646,
    -8.049353402690985,
    -8.289010413853587,
    -8.414774591932007,
    -8.367698953122071,
    -8.395811106805578,
    -8.31237744487079,
    -8.281796094708625,
    -8.579723565241386,
    -7.9046249301499945,
    -8.519821794822477,
    -8.370895227509308,
    -8.488369255030177,
    -7.764460918839213,
    -8.595198892693256,
    -8.568131289718272,
    -8.562597932777653,
    -8.570616937807692,
    -8.583324980842187,
    -8.505590900902313,
    -8.18990478490359,
    -8.547018810635523,
    -8.58006757674021,
    -8.658230274888227,
    -8.560251270845352,
    -8.61306509040969,
    -8.414000052083162,
    -8.620018935468117,
    -8.565544694310727,
    -8.655480054376902,
    -8.464429901782783,
    -8.633747902422257,
    -8.527160733582948,
    -8.638403765458698,
    -8.364620024222692,
    -8.550394837263442,
    -8.299243610085561,
    -8.656304444786075,
    -7.885856628812071,
    -8.518827010522713,
    -8.45256918875657,
    -8.587300808296726,
    -8.029893192004442,
    -8.64904745170334,
    -8.569248170427738,
    -8.653350586253653,
    -8.145311731011882,
    -8.65828909219983,
    -8.497092858926619,
    -8.544941379138882,
    -8.688891114179851,
    -8.143993020289544,
    -8.500332682814323,
    -7.891654868494431,
    -8.687712306855373,
    -8.479288004579432,
    -8.567773061761278,
    -8.473339149160708,
    -8.560106832781889,
    -8.54625341090607,
    -8.574365478574741,
    -8.339138887746914,
    -8.54889089618552,
    -8.403697100074126,
    -8.671170580027827,
    -8.586495973063803,
    -8.741691226275165,
    -8.257072104073089,
    -8.572046978627915
  ],
  "optimal_point": [
    2.9350717672234348,
    2.7449811568016838,
    1.9657978481238383,
    1.6746740058997844,
    0.2958616949088191,
    -0.09324426014584437,
    1.778082369368364,
    1.3466178820017864,
    2.6251782974856117,
    1.1953344800510366,
    1.8174146281593306,
    1.539547963496302,
    1.09881293436677,
    -0.7906226794532314,
    0.00418583737581887,
    0.07812989181726467,
    0.3085930812667591,
    -0.7540320660734728,
    -0.18096233777151038,
    0.05085991575471172,
    1.0229700927302385,
    2.4361255075412114,
    1.2238475151354937,
    -2.1794644487430013,
    0.0003028420664335646,
    2.6847934132755285,
    1.3182310639020989,
    1.73057694397532,
    1.568310875700163,
    1.7848334652122038,
    1.5565747299059243,
    0.38293168036161956,
    0.6390258729804749,
    2.085121650432131,
    1.397296154495804,
    1.3995716243572482,
    0.8657845553861411,
    -0.5425931459704832,
    -0.796790530541499,
    0.05939281930996698,
    2.2963102126006474,
    0.023930450432098224,
    0.0012061856984912668,
    -0.891993443417282,
    0.5376566197062748,
    -0.5707655672994392,
    1.7109732696084925,
    -1.0377392228778803
  ],