{
  "molecule_name": "LiH",
  "bond_length_angstrom": 1.6,
  "basis": "sto3g",
  "num_spatial_orbitals": 6,
  "num_spin_orbitals": 12,
  "num_particles_alpha": 2,
  "num_particles_beta": 2,
  "num_qubits": 12,
  "num_pauli_terms": 631,
  "optimizer_name": "COBYLA",
  "ansatz_mode": "uccsd_hf",
  "exact_energy": -8.874531649358486,
  "vqe_energy": -8.86704865917667,
  "absolute_error": 0.007482990181816973,
  "ansatz_num_parameters": 92,
  "ansatz_depth": 93,
  "optimal_point": [
    -0.0008358509512068992,
    -0.0019219215300709863,
    0.0010623599762932883,
    0.003736114530452408,
    -0.0007698591134792702,
    0.006017893202309434,
    0.0016555943539529176,
    -0.00951579324499482,
    0.006454922812813568,
    0.0008996333285673556,
    -0.002368432432247117,
    0.0021107185755929224,
    0.000575325484868199,
    -0.0017126417390393657,
    0.003977361515127438,
    -0.0007816850747678896,
    -0.0050022150395896735,
    0.004504495186284596,
    -0.001972842389762297,
    -0.007129729750268215,
    0.008944440239311234,
    0.00028811968251374933,
    0.009560844073396618,
    -0.005052105523894459,
    -0.00021530999303041236,
    -0.004858576229211581,
    0.003681472994247308,
    -0.0013829316240930125,
    0.0007810739052352626,
    -0.002881820360115677,
    -0.005987915902362608,
    -0.001595184999769878,
    -0.006385282269055582,
    0.0010673634878275277,
    -0.010963268445033847,
    -0.006702518923330991,
    0.002200504875708134,
    -0.0071851396629295005,
    -0.006417307307499401,
    -7.257996866187675e-08,
    -0.0004770375055284282,
    -0.002481728346632522,
    0.006438135260037948,
    0.0017965821778268259,
    -0.0008508312159617189,
    -0.004109850075938122,
    -0.006540882710782874,
    -0.008150553152048533,
    -0.003339072399292603,
    0.001594927526884046,
    -0.003757218880339182,
    -0.004837323470954464,
    -0.003517310283563714,
    -0.0056387765206730766,
    -0.005002706209270504,
    0.003488255853178614,
    0.004775144038425925,
    -0.0029007970840963016,
    -0.0020255864775802095,
    -0.007617587129526582,
    0.005578588226836584,
    0.020294903043751696,
    0.004562027833952333,
    -0.0013501717927909076,
    -0.0007251488714734688,
    0.005027468349096047,
    -0.0003883103332508391,
    -0.04907902527083292,
    0.00014907031641340072,
    -0.0010119178391014344,
    0.0046972181885479485,
    -0.0019997691639901606,
    -0.005249302925252213,
    0.0014283409052152256,
    0.005748960390697664,
    0.0077628302631832366,
    -0.026869201383544535,
    -0.005211581916571723,
    -0.0014994511168983926,
    0.003768580916254689,
    0.0015753624923130214,
    0.0018816070363417152,
    0.03093267872281293,
    0.0005428447200904941,
    0.0034614691170999174,
    -0.08526472051057729,
    -0.0026057587592027112,
    0.0006566304496774148,
    -0.0010943315268469676,
    -0.008298291739269974,
    0.001234082962328784,
    0.005102109420451296
  ],
  "random_seed": null
}