{
  "molecule_name": "BeH2",
  "bond_length_angstrom": 1.6,
  "basis": "sto3g",
  "num_spatial_orbitals": 7,
  "num_spin_orbitals": 14,
  "num_particles_alpha": 3,
  "num_particles_beta": 3,
  "num_qubits": 14,
  "num_pauli_terms": 666,
  "optimizer_name": "COBYLA",
  "ansatz_mode": "hardware_efficient",
  "exact_energy": -18.3658776230871,
  "vqe_energy": -17.091066549399642,
  "absolute_error": 1.2748110736874594,
  "ansatz_num_parameters": 56,
  "ansatz_depth": 19,
  "optimal_point": [
    3.1318902831670505,
    1.5661757138115657,
    1.3162622548459166,
    -0.5579547124540126,
    1.3908759769670511,
    2.386171084470067,
    1.6172184292834237,
    4.3744193135025204,
    1.584287443228561,
    1.1269106153685247,
    0.19199583146986784,
    0.6137625580975911,
    1.497146465695101,
    1.9606466359535735,
    0.4749664281266844,
    -0.07027281404387588,
    2.263833574952173,
    1.3756110752732464,
    -0.03006662602630116,
    1.9492451507498483,
    0.5002600102391686,
    -0.11962295102025497,
    0.0445104567895007,
    1.7736797383552267,
    0.9499597066986112,
    -0.9259741247201373,
    2.3798946412063344,
    0.3519608956281807,
    0.06344467294886239,
    1.643520371670933,
    1.493437431441076,
    1.6516486430105592,
    1.5071081253806209,
    1.6438057746452022,
    1.514936207361798,
    -1.5095435876060364,
    1.126771300588577,
    2.6173485072631273,
    0.9613913478570367,
    0.9230572164599997,
    2.3076243124185627,
    2.01159047823071,
    2.2184898357391822,
    3.059463705651884,
    1.9693078639875332,
    -0.15864026160535613,
    -1.670239432338509,
    -0.0018232834455982581,
    -0.7198530922868238,
    2.332935079016004,
    0.3336874859744563,
    -0.24115654153103208,
    -0.8502821785092979,
    -1.525345118852626,
    -0.4532304134633163,
    -0.24782230576317266
  ],
  "random_seed": null
}