{
  "COBYLA": {
    "num_trials": 10,
    "mean_final_energy": -8.39704696629483,
    "std_final_energy": 0.0,
    "mean_absolute_error": 0.4774846830636754,
    "std_absolute_error": 0.0,
    "trial_final_energies": [
      -8.39704696629483,
      -8.39704696629483,
      -8.39704696629483,
      -8.39704696629483,
      -8.39704696629483,
      -8.39704696629483,
      -8.39704696629483,
      -8.39704696629483,
      -8.39704696629483,
      -8.39704696629483
    ],
    "trial_absolute_errors": [
      0.4774846830636754,
      0.4774846830636754,
      0.4774846830636754,
      0.4774846830636754,
      0.4774846830636754,
      0.4774846830636754,
      0.4774846830636754,
      0.4774846830636754,
      0.4774846830636754,
      0.4774846830636754
    ],
    "trial_seeds": [
      123,
      124,
      125,
      126,
      127,
      128,
      129,
      130,
      131,
      132
    ]
  },
  "SPSA": {
    "num_trials": 10,
    "mean_final_energy": -6.744519547662965,
    "std_final_energy": 0.2689479145886453,
    "mean_absolute_error": 2.130012101695541,
    "std_absolute_error": 0.2689479145886453,
    "trial_final_energies": [
      -6.658739705517605,
      -6.256696028402113,
      -6.652810670242377,
      -7.2714332078525885,
      -6.859284470993294,
      -6.8004494749458475,
      -6.930863185030368,
      -6.527427306937677,
      -6.527183963893469,
      -6.960307462814309
    ],
    "trial_absolute_errors": [
      2.215791943840901,
      2.6178356209563924,
      2.221720979116129,
      1.6030984415059173,
      2.015247178365212,
      2.0740821744126583,
      1.9436684643281374,
      2.3471043424208284,
      2.347347685465037,
      1.914224186544197
    ],
    "trial_seeds": [
      123,
      124,
      125,
      126,
      127,
      128,
      129,
      130,
      131,
      132
    ]
  }
}