{
  "hardware_efficient": {
    "num_trials": 5,
    "mean_final_energy": -8.382364820012516,
    "std_final_energy": 0.0,
    "mean_absolute_error": 0.49216682934601863,
    "std_absolute_error": 0.0,
    "trial_final_energies": [
      -8.382364820012516,
      -8.382364820012516,
      -8.382364820012516,
      -8.382364820012516,
      -8.382364820012516
    ],
    "trial_absolute_errors": [
      0.49216682934601863,
      0.49216682934601863,
      0.49216682934601863,
      0.49216682934601863,
      0.49216682934601863
    ],
    "trial_seeds": [
      123,
      124,
      125,
      126,
      127
    ]
  },
  "uccsd_hf": {
    "num_trials": 5,
    "mean_final_energy": -8.86704865917667,
    "std_final_energy": 0.0,
    "mean_absolute_error": 0.007482990181864935,
    "std_absolute_error": 0.0,
    "trial_final_energies": [
      -8.86704865917667,
      -8.86704865917667,
      -8.86704865917667,
      -8.86704865917667,
      -8.86704865917667
    ],
    "trial_absolute_errors": [
      0.007482990181864935,
      0.007482990181864935,
      0.007482990181864935,
      0.007482990181864935,
      0.007482990181864935
    ],
    "trial_seeds": [
      123,
      124,
      125,
      126,
      127
    ]
  }
}