{
  "bond_length_angstrom": 1.6,
  "basis": "sto3g",
  "num_spatial_orbitals": 6,
  "num_spin_orbitals": 12,
  "num_particles_alpha": 2,
  "num_particles_beta": 2,
  "num_qubits": 12,
  "num_pauli_terms": 631,
  "optimizer_name": "COBYLA",
  "ansatz_mode": "hardware_efficient",
  "exact_energy": -8.874531649358483,
  "vqe_energy": -8.382364820012516,
  "absolute_error": 0.4921668293459671,
  "ansatz_num_parameters": 48,
  "ansatz_depth": 17,
  "optimal_point": [
    3.140262183918376,
    -0.9884586504930691,
    1.540928734541301,
    -0.004232662547787536,
    1.5971169221937496,
    -1.5374728064418315,
    1.3284093228396057,
    1.547712611954224,
    2.2444259127825275,
    1.4000289734079858,
    1.0667256559312062,
    1.816857694983318,
    2.941676354185577,
    -0.03297517200863696,
    -0.006570767872464781,
    0.27008253645096586,
    -0.05581933567734544,
    -0.2682334025586358,
    0.11183037329876369,
    0.06576634650498361,
    2.3176499935878274,
    -2.1528389973408673,
    -0.04939904051830592,
    0.0006376135671529882,
    0.02401819969519865,
    -0.9469626010532415,
    0.035587222148920405,
    0.06351463265702868,
    1.5908925320555716,
    1.6058697469838303,
    1.5580196545803384,
    1.2222005096982864,
    1.295014018383157,
    1.5260542857684467,
    -0.8956732046228044,
    3.0098562877057993,
    1.1745412392486128,
    2.7694590388748757,
    -1.2664484236674898,
    0.39496307193582564,
    2.5922071823906876,
    -1.3714725348757837,
    1.999266163111137,
    0.9536040815355886,
    0.23909189330088992,
    0.9782353070717383,
    1.0208819372276985,
    -0.37939812915777377
  ],
  "random_seed": 123
}